,coordinates,demand,ready_time,due_time,service_time
0,"(40, 50)",0,0,240,0
81,"(49, 58)",10,86,116,10
60,"(15, 60)",17,155,185,10
95,"(56, 37)",6,34,64,10
10,"(10, 40)",30,119,149,10
97,"(4, 18)",35,120,150,10
63,"(65, 20)",6,39,69,10
82,"(27, 43)",9,42,72,10
79,"(6, 68)",30,89,119,10
68,"(40, 60)",21,144,174,10
87,"(12, 24)",13,90,120,10
1,"(25, 85)",20,145,175,10
67,"(64, 42)",9,70,100,10
31,"(88, 35)",20,61,91,10
57,"(30, 25)",23,96,126,10
52,"(25, 30)",3,52,82,10
78,"(8, 56)",27,90,120,10
17,"(0, 45)",20,149,179,10
96,"(55, 54)",26,132,162,10
12,"(8, 45)",20,64,94,10
11,"(8, 40)",40,59,89,10
29,"(90, 35)",10,67,97,10
70,"(35, 69)",23,180,210,10
98,"(26, 52)",9,46,76,10
77,"(23, 3)",7,150,180,10
51,"(55, 20)",19,83,113,10
93,"(61, 52)",3,178,208,10
50,"(72, 35)",30,116,146,10
94,"(57, 48)",23,95,125,10
22,"(40, 15)",40,92,122,10
13,"(5, 35)",10,142,172,10
99,"(26, 35)",15,77,107,10
84,"(57, 29)",18,96,126,10
6,"(18, 75)",20,95,125,10
8,"(15, 80)",10,91,121,10
41,"(58, 75)",20,92,122,10
9,"(10, 35)",20,91,121,10
28,"(92, 30)",10,62,92,10
91,"(49, 42)",13,167,197,10
26,"(95, 30)",30,115,145,10
72,"(63, 65)",8,30,60,10
39,"(60, 80)",10,37,67,10
23,"(38, 5)",30,65,95,10
20,"(42, 15)",10,122,152,10
3,"(22, 85)",10,109,139,10
49,"(42, 12)",10,104,134,10
92,"(53, 43)",14,14,44,10
66,"(41, 37)",16,133,163,10
24,"(38, 15)",10,148,178,10
35,"(67, 85)",20,139,169,10
25,"(35, 5)",20,154,184,10
5,"(20, 85)",20,41,71,10
88,"(24, 58)",19,67,97,10
30,"(88, 30)",10,74,104,10
71,"(65, 55)",14,65,95,10
7,"(15, 75)",20,79,109,10
80,"(47, 47)",13,192,222,10
54,"(55, 60)",16,139,169,10
73,"(2, 60)",5,77,107,10
75,"(5, 5)",16,74,104,10
4,"(20, 80)",40,141,171,10
